{
    "Logistic Regression": {
        "ROC-AUC": 0.6482661863731196,
        "Accuracy": 0.6652136629984279,
        "Precision": 0.13894736842105262,
        "Recall": 0.5258964143426295,
        "F1-score": 0.21981681931723562,
        "Sensitivity": 0.5258964143426295,
        "Specificity": 0.6789386922050397,
        "PPV": 0.13894736842105262,
        "NPV": 0.9356339247079186,
        "Brier score": 0.22902765109640272,
        "Best params": {
            "penalty": "l2",
            "C": 0.1
        }
    },
    "Decision Tree": {
        "ROC-AUC": 0.6167542093186246,
        "Accuracy": 0.6024724882092325,
        "Precision": 0.12604166666666666,
        "Recall": 0.5784860557768924,
        "F1-score": 0.20698503207412688,
        "Sensitivity": 0.5784860557768924,
        "Specificity": 0.6048355443912395,
        "PPV": 0.12604166666666666,
        "NPV": 0.9357541899441341,
        "Brier score": 0.2324997982027843,
        "Best params": {
            "min_samples_split": 2,
            "max_depth": 5
        }
    },
    "Random Forest": {
        "ROC-AUC": 0.6384198350643271,
        "Accuracy": 0.7273117050164356,
        "Precision": 0.14908194025760482,
        "Recall": 0.4334661354581673,
        "F1-score": 0.22185970636215335,
        "Sensitivity": 0.4334661354581673,
        "Specificity": 0.7562603030065155,
        "PPV": 0.14908194025760482,
        "NPV": 0.9312711454809086,
        "Brier score": 0.2165272500841901,
        "Best params": {
            "n_estimators": 100,
            "min_samples_leaf": 1,
            "max_depth": 10
        }
    },
    "XGBoost": {
        "ROC-AUC": 0.6458109785522328,
        "Accuracy": 0.6907960554523367,
        "Precision": 0.1467341306347746,
        "Recall": 0.5083665338645418,
        "F1-score": 0.22773514188827415,
        "Sensitivity": 0.5083665338645418,
        "Specificity": 0.7087683491639846,
        "PPV": 0.1467341306347746,
        "NPV": 0.9360356624507568,
        "Brier score": 0.2174736908685703,
        "Best params": {
            "n_estimators": 100,
            "max_depth": 6,
            "learning_rate": 0.05
        }
    },
    "LightGBM": {
        "ROC-AUC": 0.656258770554019,
        "Accuracy": 0.6764327568958125,
        "Precision": 0.14554905782975958,
        "Recall": 0.5354581673306773,
        "F1-score": 0.22888283378746593,
        "Sensitivity": 0.5354581673306773,
        "Specificity": 0.6903210613077949,
        "PPV": 0.14554905782975958,
        "NPV": 0.9378265969926416,
        "Brier score": 0.21769329607040186,
        "Best params": {
            "num_leaves": 15,
            "n_estimators": 100,
            "max_depth": 8,
            "learning_rate": 0.1
        }
    },
    "Neural Network": {
        "ROC-AUC": 0.6407634240493086,
        "Accuracy": 0.9103901672145205,
        "Precision": 0.5263157894736842,
        "Recall": 0.00796812749003984,
        "F1-score": 0.015698587127158554,
        "Sensitivity": 0.00796812749003984,
        "Specificity": 0.9992935081246566,
        "PPV": 0.5263157894736842,
        "NPV": 0.910912343470483,
        "Brier score": 0.07963819062908879,
        "Best params": {
            "learning_rate_init": 0.001,
            "hidden_layer_sizes": [
                100
            ],
            "alpha": 0.01
        }
    }
}